{
  "accuracy": 0.9408071748878923,
  "classification_report": {
    "0": {
      "precision": 0.936046511627907,
      "recall": 1.0,
      "f1-score": 0.9669669669669669,
      "support": 966.0
    },
    "1": {
      "precision": 1.0,
      "recall": 0.5570469798657718,
      "f1-score": 0.7155172413793104,
      "support": 149.0
    },
    "accuracy": 0.9408071748878923,
    "macro avg": {
      "precision": 0.9680232558139534,
      "recall": 0.7785234899328859,
      "f1-score": 0.8412421041731386,
      "support": 1115.0
    },
    "weighted avg": {
      "precision": 0.9445927625404109,
      "recall": 0.9408071748878923,
      "f1-score": 0.9333651650722936,
      "support": 1115.0
    }
  }
}