{
  "accuracy": 0.9605381165919282,
  "classification_report": {
    "0": {
      "precision": 0.9564356435643564,
      "recall": 1.0,
      "f1-score": 0.9777327935222672,
      "support": 966.0
    },
    "1": {
      "precision": 1.0,
      "recall": 0.7046979865771812,
      "f1-score": 0.8267716535433071,
      "support": 149.0
    },
    "accuracy": 0.9605381165919282,
    "macro avg": {
      "precision": 0.9782178217821782,
      "recall": 0.8523489932885906,
      "f1-score": 0.9022522235327871,
      "support": 1115.0
    },
    "weighted avg": {
      "precision": 0.9622572481463393,
      "recall": 0.9605381165919282,
      "f1-score": 0.9575595111394285,
      "support": 1115.0
    }
  }
}